{"hairParameterSet":{"shadingShift":-0.30000001192092898,"shadingToony":0.0},"faceParameterSet":{"shadingShift":-0.8999999761581421,"shadingToony":0.0},"bodyParameterSet":{"shadingShift":-0.6000000238418579,"shadingToony":0.0}}